{
"lengthUnit": "mil",
"components": {
	"fields": ["COMPONENT_NO", "COMPONENT_NAME", "LAYER", "X_COORDINATE", "Y_COORDINATE", "ANGLE"],
	"rows": [
		[1, "C1", "T", 9855, -1515, 270],
		[2, "C2", "T", 9786.41, -1513.95, 270],
		[3, "C3", "T", 9445, -1550, 0],
		[4, "C4", "T", 9443.81, -1617.75, 0],
		[5, "C5", "T", 9780, -2105, 0],
		[6, "C6", "T", 9799.58, -1882.33, 180],
		[7, "C10", "T", 9485.54, -1398.34, 0],
		[8, "C11", "T", 9475, -1310, 0],
		[9, "C12", "T", 9952.11, -1011.38, 90],
		[10, "C13", "T", 8800, -1070, 180],
		[11, "C14", "T", 8800, -985, 0],
		[12, "C15", "T", 8200, -1110, 270],
		[13, "C16", "T", 8840.64, -1704.19, 0],
		[14, "C17", "T", 8840.64, -1804.79, 0],
		[15, "C18", "T", 8835.64, -1900.38, 0],
		[16, "C19", "T", 8835.64, -2005.98, 0],
		[17, "C20", "T", 8835.64, -2109.28, 0],
		[18, "C21", "T", 8835.64, -2204.87, 0],
		[19, "C22", "T", 10248.26, -1751.45, 180],
		[20, "C23", "T", 10059.72, -1716.76, 0],
		[21, "C24", "T", 10049.84, -1615.85, 180],
		[22, "CN1", "T", 9335, -2230, 180],
		[23, "H1", "T", 8665, -1955, 270],
		[24, "H2", "T", 9565, -790, 0],
		[25, "L1", "T", 10135, -1945, 270],
		[26, "R1", "T", 9440.75, -1683.97, 180],
		[27, "R2", "T", 9475, -1200, 180],
		[28, "R3", "T", 9474.9, -1114.28, 180],
		[29, "R4", "T", 9850, -1240, 0],
		[30, "R5", "T", 8380, -1475, 90],
		[31, "R6", "T", 8375, -1875, 90],
		[32, "R7", "T", 8200, -1645, 180],
		[33, "R8", "T", 8200, -1715, 180],
		[34, "R9", "T", 8375, -1075, 90],
		[35, "R10", "T", 8200.92, -975.23, 90],
		[36, "R11", "T", 9946.53, -834.5, 90],
		[37, "R12", "T", 10166.53, -1164.5, 180],
		[38, "R13", "T", 10166.53, -1104.5, 180],
		[39, "R14", "T", 10550, -1190, 90],
		[40, "R15", "T", 10310.08, -1505.11, 0],
		[41, "R16", "T", 10420.08, -1606.11, 180],
		[42, "R17", "T", 10150.08, -1503.4, 0],
		[43, "SW1", "T", 9810, -2445, 0],
		[44, "U1", "T", 9651.41, -1631.73, 0],
		[45, "U2", "T", 9210.92, -1682.75, 0],
		[46, "U3", "T", 9406.95, -1969.5, 0],
		[47, "U4", "T", 9845, -1995, 0],
		[48, "U7", "T", 9100, -1210, 90],
		[49, "U8", "T", 10206.53, -879.5, 270],
		[50, "U9", "T", 10230, -1635, 180]
	]
},
"pins": {
	"fields": ["PIN_NO", "PIN_NAME", "PIN_X", "PIN_Y", "LAYER", "PIN_TYPE", "NET_NAME", "NET_TYPE", "PAD_SHAPE", "PAD_SIZEX", "PAD_SIZEY", "HOLE_SIZE", "PAD_ANGLE"],
	"rows": [
		[1, "C1_1", 9855, -1487.44, "T", "SMD", "GND", "GND", "R", 31.5, 35.43, 0, 270],
		[2, "C1_2", 9855, -1542.56, "T", "SMD", "+5V", "", "R", 31.5, 35.43, 0, 270],
		[3, "C2_1", 9786.41, -1486.39, "T", "SMD", "GND", "GND", "R", 31.5, 35.43, 0, 270],
		[4, "C2_2", 9786.41, -1541.51, "T", "SMD", "+5V", "", "R", 31.5, 35.43, 0, 270],
		[5, "C3_1", 9417.44, -1550, "T", "SMD", "GND", "GND", "R", 31.5, 35.43, 0, 0],
		[6, "C3_2", 9472.56, -1550, "T", "SMD", "3V3", "", "R", 31.5, 35.43, 0, 0],
		[7, "C4_1", 9416.25, -1617.75, "T", "SMD", "GND", "GND", "R", 31.5, 35.43, 0, 0],
		[8, "C4_2", 9471.36, -1617.75, "T", "SMD", "3V3", "", "R", 31.5, 35.43, 0, 0],
		[9, "C5_1", 9752.44, -2105, "T", "SMD", "7V4", "", "R", 31.5, 35.43, 0, 0],
		[10, "C5_2", 9807.56, -2105, "T", "SMD", "GND", "GND", "R", 31.5, 35.43, 0, 0],
		[11, "C6_1", 9827.14, -1882.33, "T", "SMD", "GND", "GND", "R", 31.5, 35.43, 0, 180],
		[12, "C6_2", 9772.02, -1882.33, "T", "SMD", "+5V", "", "R", 31.5, 35.43, 0, 180],
		[13, "C10_1", 9457.98, -1398.34, "T", "SMD", "$1N2687", "", "R", 31.5, 35.43, 0, 0],
		[14, "C10_2", 9513.1, -1398.34, "T", "SMD", "SINE", "", "R", 31.5, 35.43, 0, 0],
		[15, "C11_1", 9447.44, -1310, "T", "SMD", "$1N2723", "", "R", 31.5, 35.43, 0, 0],
		[16, "C11_2", 9502.56, -1310, "T", "SMD", "TRI", "", "R", 31.5, 35.43, 0, 0],
		[17, "C12_1", 9952.11, -1038.94, "T", "SMD", "+5V", "", "R", 31.5, 35.43, 0, 90],
		[18, "C12_2", 9952.11, -983.82, "T", "SMD", "GND", "GND", "R", 31.5, 35.43, 0, 90],
		[19, "C13_1", 8827.56, -1070, "T", "SMD", "-5V", "", "R", 31.5, 35.43, 0, 180],
		[20, "C13_2", 8772.44, -1070, "T", "SMD", "GND", "GND", "R", 31.5, 35.43, 0, 180],
		[21, "C14_1", 8772.44, -985, "T", "SMD", "SQUARE", "", "R", 31.5, 35.43, 0, 0],
		[22, "C14_2", 8827.56, -985, "T", "SMD", "$1N3333", "", "R", 31.5, 35.43, 0, 0],
		[23, "C15_1", 8200, -1082.44, "T", "SMD", "$1N3411", "", "R", 31.5, 35.43, 0, 270],
		[24, "C15_2", 8200, -1137.56, "T", "SMD", "+5V", "", "R", 31.5, 35.43, 0, 270],
		[25, "C16_1", 8813.08, -1704.19, "T", "SMD", "$1N3881", "", "R", 31.5, 35.43, 0, 0],
		[26, "C16_2", 8868.2, -1704.19, "T", "SMD", "-5V", "", "R", 31.5, 35.43, 0, 0],
		[27, "C17_1", 8813.08, -1804.79, "T", "SMD", "$1N3897", "", "R", 31.5, 35.43, 0, 0],
		[28, "C17_2", 8868.2, -1804.79, "T", "SMD", "-5V", "", "R", 31.5, 35.43, 0, 0],
		[29, "C18_1", 8808.08, -1900.38, "T", "SMD", "$1N3903", "", "R", 31.5, 35.43, 0, 0],
		[30, "C18_2", 8863.2, -1900.38, "T", "SMD", "-5V", "", "R", 31.5, 35.43, 0, 0],
		[31, "C19_1", 8808.08, -2005.98, "T", "SMD", "$1N3909", "", "R", 31.5, 35.43, 0, 0],
		[32, "C19_2", 8863.2, -2005.98, "T", "SMD", "-5V", "", "R", 31.5, 35.43, 0, 0],
		[33, "C20_1", 8808.08, -2109.28, "T", "SMD", "$1N3915", "", "R", 31.5, 35.43, 0, 0],
		[34, "C20_2", 8863.2, -2109.28, "T", "SMD", "-5V", "", "R", 31.5, 35.43, 0, 0],
		[35, "C21_1", 8808.08, -2204.87, "T", "SMD", "$1N3921", "", "R", 31.5, 35.43, 0, 0],
		[36, "C21_2", 8863.2, -2204.87, "T", "SMD", "-5V", "", "R", 31.5, 35.43, 0, 0],
		[37, "C22_1", 10275.82, -1751.45, "T", "SMD", "$1N8923", "", "R", 31.5, 35.43, 0, 180],
		[38, "C22_2", 10220.7, -1751.45, "T", "SMD", "$1N8878", "", "R", 31.5, 35.43, 0, 180],
		[39, "C23_1", 10032.16, -1716.76, "T", "SMD", "GND", "GND", "R", 31.5, 35.43, 0, 0],
		[40, "C23_2", 10087.28, -1716.76, "T", "SMD", "+5V", "", "R", 31.5, 35.43, 0, 0],
		[41, "C24_1", 10077.4, -1615.85, "T", "SMD", "-5V", "", "R", 31.5, 35.43, 0, 180],
		[42, "C24_2", 10022.28, -1615.85, "T", "SMD", "GND", "GND", "R", 31.5, 35.43, 0, 180],
		[43, "CN1_1", 9435, -2230, "T", "DIP", "$1N4978", "", "C", 70.87, 70.87, 47.2, 180],
		[44, "CN1_1", 9435, -2230, "B", "DIP", "$1N4978", "", "C", 70.87, 70.87, 47.2, 180],
		[45, "CN1_2", 9334.95, -2230, "T", "DIP", "CN1_2", "", "C", 70.87, 70.87, 47.2, 180],
		[46, "CN1_2", 9334.95, -2230, "B", "DIP", "CN1_2", "", "C", 70.87, 70.87, 47.2, 180],
		[47, "CN1_3", 9235, -2230, "T", "DIP", "GND", "GND", "C", 70.87, 70.87, 47.2, 180],
		[48, "CN1_3", 9235, -2230, "B", "DIP", "GND", "GND", "C", 70.87, 70.87, 47.2, 180],
		[49, "H1_1", 8615, -1705, "T", "DIP", "$1N3621", "", "R", 66.93, 66.93, 43.31, 270],
		[50, "H1_1", 8615, -1705, "B", "DIP", "$1N3621", "", "R", 66.93, 66.93, 43.31, 270],
		[51, "H1_2", 8715, -1705, "T", "DIP", "$1N3881", "", "C", 66.93, 66.93, 43.31, 270],
		[52, "H1_2", 8715, -1705, "B", "DIP", "$1N3881", "", "C", 66.93, 66.93, 43.31, 270],
		[53, "H1_3", 8615, -1805, "T", "DIP", "$1N3621", "", "C", 66.93, 66.93, 43.31, 270],
		[54, "H1_3", 8615, -1805, "B", "DIP", "$1N3621", "", "C", 66.93, 66.93, 43.31, 270],
		[55, "H1_4", 8715, -1805, "T", "DIP", "$1N3897", "", "C", 66.93, 66.93, 43.31, 270],
		[56, "H1_4", 8715, -1805, "B", "DIP", "$1N3897", "", "C", 66.93, 66.93, 43.31, 270],
		[57, "H1_5", 8615, -1905, "T", "DIP", "$1N3621", "", "C", 66.93, 66.93, 43.31, 270],
		[58, "H1_5", 8615, -1905, "B", "DIP", "$1N3621", "", "C", 66.93, 66.93, 43.31, 270],
		[59, "H1_6", 8715, -1905, "T", "DIP", "$1N3903", "", "C", 66.93, 66.93, 43.31, 270],
		[60, "H1_6", 8715, -1905, "B", "DIP", "$1N3903", "", "C", 66.93, 66.93, 43.31, 270],
		[61, "H1_7", 8615, -2005, "T", "DIP", "$1N3621", "", "C", 66.93, 66.93, 43.31, 270],
		[62, "H1_7", 8615, -2005, "B", "DIP", "$1N3621", "", "C", 66.93, 66.93, 43.31, 270],
		[63, "H1_8", 8715, -2005, "T", "DIP", "$1N3909", "", "C", 66.93, 66.93, 43.31, 270],
		[64, "H1_8", 8715, -2005, "B", "DIP", "$1N3909", "", "C", 66.93, 66.93, 43.31, 270],
		[65, "H1_9", 8615, -2105, "T", "DIP", "$1N3621", "", "C", 66.93, 66.93, 43.31, 270],
		[66, "H1_9", 8615, -2105, "B", "DIP", "$1N3621", "", "C", 66.93, 66.93, 43.31, 270],
		[67, "H1_10", 8715, -2105, "T", "DIP", "$1N3915", "", "C", 66.93, 66.93, 43.31, 270],
		[68, "H1_10", 8715, -2105, "B", "DIP", "$1N3915", "", "C", 66.93, 66.93, 43.31, 270],
		[69, "H1_11", 8615, -2205, "T", "DIP", "$1N3621", "", "C", 66.93, 66.93, 43.31, 270],
		[70, "H1_11", 8615, -2205, "B", "DIP", "$1N3621", "", "C", 66.93, 66.93, 43.31, 270],
		[71, "H1_12", 8715, -2205, "T", "DIP", "$1N3921", "", "C", 66.93, 66.93, 43.31, 270],
		[72, "H1_12", 8715, -2205, "B", "DIP", "$1N3921", "", "C", 66.93, 66.93, 43.31, 270],
		[73, "H2_1", 9465, -790, "T", "DIP", "SINE", "", "R", 66.93, 66.93, 43.31, 0],
		[74, "H2_1", 9465, -790, "B", "DIP", "SINE", "", "R", 66.93, 66.93, 43.31, 0],
		[75, "H2_2", 9565, -790, "T", "DIP", "OUTPUT", "", "C", 66.93, 66.93, 43.31, 0],
		[76, "H2_2", 9565, -790, "B", "DIP", "OUTPUT", "", "C", 66.93, 66.93, 43.31, 0],
		[77, "H2_3", 9665, -790, "T", "DIP", "GND", "GND", "C", 66.93, 66.93, 43.31, 0],
		[78, "H2_3", 9665, -790, "B", "DIP", "GND", "GND", "C", 66.93, 66.93, 43.31, 0],
		[79, "L1_1", 10135, -1985.48, "T", "SMD", "$1N1027", "", "R", 47.24, 86.61, 0, 270],
		[80, "L1_2", 10135, -1904.52, "T", "SMD", "+5V", "", "R", 47.24, 86.61, 0, 270],
		[81, "R1_1", 9470.41, -1683.97, "T", "SMD", "3V3", "", "R", 31.75, 34.02, 0, 180],
		[82, "R1_2", 9411.09, -1683.97, "T", "SMD", "$1N598", "", "R", 31.75, 34.02, 0, 180],
		[83, "R2_1", 9504.66, -1200, "T", "SMD", "$1N2958", "", "R", 31.75, 34.02, 0, 180],
		[84, "R2_2", 9445.34, -1200, "T", "SMD", "$1N2835", "", "R", 31.75, 34.02, 0, 180],
		[85, "R3_1", 9504.56, -1114.28, "T", "SMD", "$1N2962", "", "R", 31.75, 34.02, 0, 180],
		[86, "R3_2", 9445.24, -1114.28, "T", "SMD", "$1N2874", "", "R", 31.75, 34.02, 0, 180],
		[87, "R4_1", 9751.58, -1240, "T", "DIP", "$1N2958", "", "C", 60, 60, 30, 0],
		[88, "R4_1", 9751.58, -1240, "B", "DIP", "$1N2958", "", "C", 60, 60, 30, 0],
		[89, "R4_2", 9850, -1240, "T", "DIP", "+5V", "", "C", 60, 60, 30, 0],
		[90, "R4_2", 9850, -1240, "B", "DIP", "+5V", "", "C", 60, 60, 30, 0],
		[91, "R4_3", 9948.42, -1240, "T", "DIP", "$1N2962", "", "C", 60, 60, 30, 0],
		[92, "R4_3", 9948.42, -1240, "B", "DIP", "$1N2962", "", "C", 60, 60, 30, 0],
		[93, "R5_1", 8380, -1573.42, "T", "DIP", "$1N3153", "", "C", 60, 60, 30, 90],
		[94, "R5_1", 8380, -1573.42, "B", "DIP", "$1N3153", "", "C", 60, 60, 30, 90],
		[95, "R5_2", 8380, -1475, "T", "DIP", "$1N3052", "", "C", 60, 60, 30, 90],
		[96, "R5_2", 8380, -1475, "B", "DIP", "$1N3052", "", "C", 60, 60, 30, 90],
		[97, "R5_3", 8380, -1376.58, "T", "DIP", "-5V", "", "C", 60, 60, 30, 90],
		[98, "R5_3", 8380, -1376.58, "B", "DIP", "-5V", "", "C", 60, 60, 30, 90],
		[99, "R6_1", 8375, -1973.42, "T", "DIP", "-5V", "", "C", 60, 60, 30, 90],
		[100, "R6_1", 8375, -1973.42, "B", "DIP", "-5V", "", "C", 60, 60, 30, 90],
		[101, "R6_2", 8375, -1875, "T", "DIP", "$1N3056", "", "C", 60, 60, 30, 90],
		[102, "R6_2", 8375, -1875, "B", "DIP", "$1N3056", "", "C", 60, 60, 30, 90],
		[103, "R6_3", 8375, -1776.58, "T", "DIP", "$1N3159", "", "C", 60, 60, 30, 90],
		[104, "R6_3", 8375, -1776.58, "B", "DIP", "$1N3159", "", "C", 60, 60, 30, 90],
		[105, "R7_1", 8229.66, -1645, "T", "SMD", "$1N3153", "", "R", 31.75, 34.02, 0, 180],
		[106, "R7_2", 8170.34, -1645, "T", "SMD", "+5V", "", "R", 31.75, 34.02, 0, 180],
		[107, "R8_1", 8229.66, -1715, "T", "SMD", "$1N3159", "", "R", 31.75, 34.02, 0, 180],
		[108, "R8_2", 8170.34, -1715, "T", "SMD", "+5V", "", "R", 31.75, 34.02, 0, 180],
		[109, "R9_1", 8375, -1173.42, "T", "DIP", "+5V", "", "C", 60, 60, 30, 90],
		[110, "R9_1", 8375, -1173.42, "B", "DIP", "+5V", "", "C", 60, 60, 30, 90],
		[111, "R9_2", 8375, -1074.99, "T", "DIP", "$1N3411", "", "C", 60, 60, 30, 90],
		[112, "R9_2", 8375, -1074.99, "B", "DIP", "$1N3411", "", "C", 60, 60, 30, 90],
		[113, "R9_3", 8375, -976.58, "T", "DIP", "$1N3467", "", "C", 60, 60, 30, 90],
		[114, "R9_3", 8375, -976.58, "B", "DIP", "$1N3467", "", "C", 60, 60, 30, 90],
		[115, "R10_1", 8200.92, -1004.89, "T", "SMD", "$1N3467", "", "R", 31.75, 34.02, 0, 90],
		[116, "R10_2", 8200.92, -945.57, "T", "SMD", "GND", "GND", "R", 31.75, 34.02, 0, 90],
		[117, "R11_1", 9946.53, -864.16, "T", "SMD", "$1N4346", "", "R", 31.75, 34.02, 0, 90],
		[118, "R11_2", 9946.53, -804.84, "T", "SMD", "SINE", "", "R", 31.75, 34.02, 0, 90],
		[119, "R12_1", 10196.19, -1164.5, "T", "SMD", "$1N4413", "", "R", 31.75, 34.02, 0, 180],
		[120, "R12_2", 10136.87, -1164.5, "T", "SMD", "$1N4393", "", "R", 31.75, 34.02, 0, 180],
		[121, "R13_1", 10196.19, -1104.5, "T", "SMD", "$1N4522", "", "R", 31.75, 34.02, 0, 180],
		[122, "R13_2", 10136.87, -1104.5, "T", "SMD", "GND", "GND", "R", 31.75, 34.02, 0, 180],
		[123, "R14_1", 10550, -1288.42, "T", "DIP", "$1N4522", "", "C", 60, 60, 30, 90],
		[124, "R14_1", 10550, -1288.42, "B", "DIP", "$1N4522", "", "C", 60, 60, 30, 90],
		[125, "R14_2", 10550, -1189.99, "T", "DIP", "$1N4522", "", "C", 60, 60, 30, 90],
		[126, "R14_2", 10550, -1189.99, "B", "DIP", "$1N4522", "", "C", 60, 60, 30, 90],
		[127, "R14_3", 10550, -1091.58, "T", "DIP", "OUTPUT", "", "C", 60, 60, 30, 90],
		[128, "R14_3", 10550, -1091.58, "B", "DIP", "OUTPUT", "", "C", 60, 60, 30, 90],
		[129, "R15_1", 10280.42, -1505.11, "T", "SMD", "+5V", "", "R", 31.75, 34.02, 0, 0],
		[130, "R15_2", 10339.74, -1505.11, "T", "SMD", "$1N9308", "", "R", 31.75, 34.02, 0, 0],
		[131, "R16_1", 10449.74, -1606.11, "T", "SMD", "GND", "GND", "R", 31.75, 34.02, 0, 180],
		[132, "R16_2", 10390.42, -1606.11, "T", "SMD", "$1N9308", "", "R", 31.75, 34.02, 0, 180],
		[133, "R17_1", 10120.42, -1503.4, "T", "SMD", "3V3", "", "R", 31.75, 34.02, 0, 0],
		[134, "R17_2", 10179.74, -1503.4, "T", "SMD", "$1N9308", "", "R", 31.75, 34.02, 0, 0],
		[135, "SW1_1", 9731.26, -2445, "T", "DIP", "$1N4978", "", "C", 60, 60, 36, 0],
		[136, "SW1_1", 9731.26, -2445, "B", "DIP", "$1N4978", "", "C", 60, 60, 36, 0],
		[137, "SW1_2", 9810, -2445, "T", "DIP", "7V4", "", "C", 60, 60, 36, 0],
		[138, "SW1_2", 9810, -2445, "B", "DIP", "7V4", "", "C", 60, 60, 36, 0],
		[139, "SW1_3", 9888.74, -2445, "T", "DIP", "SW1_3", "", "C", 60, 60, 36, 0],
		[140, "SW1_3", 9888.74, -2445, "B", "DIP", "SW1_3", "", "C", 60, 60, 36, 0],
		[141, "SW1_4", 9973.39, -2445, "T", "DIP", "SW1_4", "", "O", 55.12, 86.61, 62.99, 0],
		[142, "SW1_4", 9973.39, -2445, "B", "DIP", "SW1_4", "", "O", 55.12, 86.61, 62.99, 0],
		[143, "SW1_5", 9646.61, -2445, "T", "DIP", "SW1_5", "", "O", 55.12, 86.61, 62.99, 0],
		[144, "SW1_5", 9646.61, -2445, "B", "DIP", "SW1_5", "", "O", 55.12, 86.61, 62.99, 0],
		[145, "U1_1", 9704.81, -1690.79, "T", "SMD", "GND", "GND", "R", 62.01, 26.46, 0, 0],
		[146, "U1_2", 9598.02, -1631.74, "T", "SMD", "3V3", "", "P", 211.68, 74.8, 0, 0],
		[147, "U1_3", 9704.81, -1572.68, "T", "SMD", "+5V", "", "R", 62.01, 26.46, 0, 0],
		[148, "U2_1", 9151.18, -1682.75, "T", "SMD", "GND", "GND", "R", 64.37, 62.99, 0, 0],
		[149, "U2_2", 9270.66, -1682.75, "T", "SMD", "$1N598", "", "R", 64.37, 62.99, 0, 0],
		[150, "U3_1", 9613.64, -2103.36, "T", "SMD", "7V4", "", "R", 141.73, 39.37, 0, 180],
		[151, "U3_2", 9613.64, -2036.43, "T", "SMD", "$1N1027", "", "R", 141.73, 39.37, 0, 180],
		[152, "U3_3", 9613.64, -1969.5, "T", "SMD", "GND", "GND", "R", 141.73, 39.37, 0, 180],
		[153, "U3_4", 9613.64, -1902.57, "T", "SMD", "+5V", "", "R", 141.73, 39.37, 0, 180],
		[154, "U3_5", 9613.64, -1835.64, "T", "SMD", "GND", "GND", "R", 141.73, 39.37, 0, 180],
		[155, "U3_6", 9200.27, -1969.5, "T", "SMD", "U3_6", "", "R", 362.21, 420, 0, 180],
		[156, "U4_1", 9927.82, -1995, "T", "SMD", "GND", "GND", "R", 62.99, 60.59, 0, 0],
		[157, "U4_2", 9762.18, -1995, "T", "SMD", "$1N1027", "", "R", 62.99, 60.59, 0, 0],
		[158, "U7_1", 9250, -1510, "T", "DIP", "$1N3052", "", "R", 78.74, 59.05, 39.37, 180],
		[159, "U7_1", 9250, -1510, "B", "DIP", "$1N3052", "", "R", 78.74, 59.05, 39.37, 180],
		[160, "U7_2", 9250, -1410, "T", "DIP", "$1N2687", "", "O", 78.74, 59.05, 39.37, 180],
		[161, "U7_2", 9250, -1410, "B", "DIP", "$1N2687", "", "O", 78.74, 59.05, 39.37, 180],
		[162, "U7_3", 9250, -1310, "T", "DIP", "$1N2723", "", "O", 78.74, 59.05, 39.37, 180],
		[163, "U7_3", 9250, -1310, "B", "DIP", "$1N2723", "", "O", 78.74, 59.05, 39.37, 180],
		[164, "U7_4", 9250, -1210, "T", "DIP", "$1N2835", "", "O", 78.74, 59.05, 39.37, 180],
		[165, "U7_4", 9250, -1210, "B", "DIP", "$1N2835", "", "O", 78.74, 59.05, 39.37, 180],
		[166, "U7_5", 9250, -1110, "T", "DIP", "$1N2874", "", "O", 78.74, 59.05, 39.37, 180],
		[167, "U7_5", 9250, -1110, "B", "DIP", "$1N2874", "", "O", 78.74, 59.05, 39.37, 180],
		[168, "U7_6", 9250, -1010, "T", "DIP", "+5V", "", "O", 78.74, 59.05, 39.37, 180],
		[169, "U7_6", 9250, -1010, "B", "DIP", "+5V", "", "O", 78.74, 59.05, 39.37, 180],
		[170, "U7_7", 9250, -910, "T", "DIP", "U7_7", "", "O", 78.74, 59.05, 39.37, 180],
		[171, "U7_7", 9250, -910, "B", "DIP", "U7_7", "", "O", 78.74, 59.05, 39.37, 180],
		[172, "U7_8", 8950, -910, "T", "DIP", "$1N3411", "", "O", 78.74, 59.05, 39.37, 180],
		[173, "U7_8", 8950, -910, "B", "DIP", "$1N3411", "", "O", 78.74, 59.05, 39.37, 180],
		[174, "U7_9", 8950, -1010, "T", "DIP", "$1N3333", "", "O", 78.74, 59.05, 39.37, 180],
		[175, "U7_9", 8950, -1010, "B", "DIP", "$1N3333", "", "O", 78.74, 59.05, 39.37, 180],
		[176, "U7_10", 8950, -1110, "T", "DIP", "$1N3621", "", "O", 78.74, 59.05, 39.37, 180],
		[177, "U7_10", 8950, -1110, "B", "DIP", "$1N3621", "", "O", 78.74, 59.05, 39.37, 180],
		[178, "U7_11", 8950, -1210, "T", "DIP", "-5V", "", "O", 78.74, 59.05, 39.37, 180],
		[179, "U7_11", 8950, -1210, "B", "DIP", "-5V", "", "O", 78.74, 59.05, 39.37, 180],
		[180, "U7_12", 8950, -1310, "T", "DIP", "$1N3056", "", "O", 78.74, 59.05, 39.37, 180],
		[181, "U7_12", 8950, -1310, "B", "DIP", "$1N3056", "", "O", 78.74, 59.05, 39.37, 180],
		[182, "U7_13", 8950, -1410, "T", "DIP", "U7_13", "", "O", 78.74, 59.05, 39.37, 180],
		[183, "U7_13", 8950, -1410, "B", "DIP", "U7_13", "", "O", 78.74, 59.05, 39.37, 180],
		[184, "U7_14", 8950, -1510, "T", "DIP", "U7_14", "", "O", 78.74, 59.05, 39.37, 180],
		[185, "U7_14", 8950, -1510, "B", "DIP", "U7_14", "", "O", 78.74, 59.05, 39.37, 180],
		[186, "U8_1", 10056.53, -729.5, "T", "DIP", "$1N4393", "", "O", 51.97, 64.96, 31.5, 270],
		[187, "U8_1", 10056.53, -729.5, "B", "DIP", "$1N4393", "", "O", 51.97, 64.96, 31.5, 270],
		[188, "U8_2", 10056.53, -829.5, "T", "DIP", "$1N4393", "", "O", 51.97, 64.96, 31.5, 270],
		[189, "U8_2", 10056.53, -829.5, "B", "DIP", "$1N4393", "", "O", 51.97, 64.96, 31.5, 270],
		[190, "U8_3", 10056.53, -929.5, "T", "DIP", "$1N4346", "", "O", 51.97, 64.96, 31.5, 270],
		[191, "U8_3", 10056.53, -929.5, "B", "DIP", "$1N4346", "", "O", 51.97, 64.96, 31.5, 270],
		[192, "U8_4", 10056.53, -1029.5, "T", "DIP", "+5V", "", "O", 51.97, 64.96, 31.5, 270],
		[193, "U8_4", 10056.53, -1029.5, "B", "DIP", "+5V", "", "O", 51.97, 64.96, 31.5, 270],
		[194, "U8_5", 10356.53, -1029.5, "T", "DIP", "$1N4413", "", "O", 51.97, 64.96, 31.5, 270],
		[195, "U8_5", 10356.53, -1029.5, "B", "DIP", "$1N4413", "", "O", 51.97, 64.96, 31.5, 270],
		[196, "U8_6", 10356.53, -929.5, "T", "DIP", "$1N4522", "", "O", 51.97, 64.96, 31.5, 270],
		[197, "U8_6", 10356.53, -929.5, "B", "DIP", "$1N4522", "", "O", 51.97, 64.96, 31.5, 270],
		[198, "U8_7", 10356.53, -829.5, "T", "DIP", "OUTPUT", "", "O", 51.97, 64.96, 31.5, 270],
		[199, "U8_7", 10356.53, -829.5, "B", "DIP", "OUTPUT", "", "O", 51.97, 64.96, 31.5, 270],
		[200, "U8_8", 10356.53, -729.5, "T", "DIP", "-5V", "", "O", 51.97, 64.96, 31.5, 270],
		[201, "U8_8", 10356.53, -729.5, "B", "DIP", "-5V", "", "O", 51.97, 64.96, 31.5, 270],
		[202, "U9_1", 10176.85, -1597.6, "T", "SMD", "-5V", "", "R", 43.31, 23.62, 0, 180],
		[203, "U9_2", 10176.85, -1635, "T", "SMD", "+5V", "", "R", 43.31, 23.62, 0, 180],
		[204, "U9_3", 10176.85, -1672.4, "T", "SMD", "$1N8878", "", "R", 43.31, 23.62, 0, 180],
		[205, "U9_4", 10283.15, -1672.4, "T", "SMD", "GND", "GND", "R", 43.31, 23.62, 0, 180],
		[206, "U9_5", 10283.15, -1635, "T", "SMD", "$1N9308", "", "R", 43.31, 23.62, 0, 180],
		[207, "U9_6", 10283.15, -1597.6, "T", "SMD", "$1N8923", "", "R", 43.31, 23.62, 0, 180]
	]
}
}